model,train_dataset,test_dataset,lan,pairs,threshold,precision,recall,f1,mcc,TP,TN,FP,FN
microsoft/codebert-base-default,-,GPTCloneBench,python,5640,0.7,0.5,1.0,0.6666666666666666,0.0,2820,0,2820,0
microsoft/codebert-base-default,-,GPTCloneBench,java,14192,0.7,0.4998586572438162,0.9967587373167982,0.6658194483667513,-0.0051886828530258,7073,19,7077,23
microsoft/codebert-base-default,-,GPTCloneBench,csharp,9816,0.7,0.4998468293679158,0.9973512632436836,0.665941092442691,-0.0063211989524031,4895,10,4898,13
microsoft/codebert-base-default,-,Kamino,python,18072,0.7,0.5285901874179301,0.9800796812749004,0.6867778208607989,0.2038677587176995,8856,1138,7898,180
microsoft/codebert-base-default,-,SemanticCloneBench,python,2000,0.7,0.5020080321285141,1.0,0.6684491978609626,0.0633724250524477,1000,8,992,0
microsoft/codebert-base-default,-,SemanticCloneBench,java,1992,0.7,0.4997483643683945,0.9969879518072288,0.6657727120348642,-0.0100326593006128,993,2,994,3
microsoft/codebert-base-default,-,SemanticCloneBench,csharp,1870,0.7,0.4997321906802356,0.9978609625668448,0.6659528907922913,-0.0133618691248474,933,1,934,2
Salesforce/codet5-base-default,-,GPTCloneBench,python,5640,0.7,0.5978736710444027,0.6780141843971631,0.635427052176803,0.2240073527403355,1912,1534,1286,908
Salesforce/codet5-base-default,-,GPTCloneBench,java,14192,0.7,0.6480232558139535,0.7853720405862458,0.7101172273190622,0.3671348337595195,5573,4069,3027,1523
Salesforce/codet5-base-default,-,GPTCloneBench,csharp,9816,0.7,0.6901907816984636,0.8329258353708231,0.754870279752562,0.4691893261457935,4088,3073,1835,820
Salesforce/codet5-base-default,-,Kamino,python,18072,0.7,0.5752276867030965,0.8737273129703409,0.6937305039321647,0.2673431490566897,7895,3206,5830,1141
Salesforce/codet5-base-default,-,SemanticCloneBench,python,2000,0.7,0.663059163059163,0.919,0.7703269069572505,0.4899735474570312,919,533,467,81
Salesforce/codet5-base-default,-,SemanticCloneBench,java,1992,0.7,0.6381025248661056,0.8373493975903614,0.7242726877985237,0.3815259850968592,834,523,473,162
Salesforce/codet5-base-default,-,SemanticCloneBench,csharp,1870,0.7,0.6237314597970336,0.8545454545454545,0.7211191335740071,0.364944690814489,799,453,482,136
microsoft/codebert-base,Kamino,GPTCloneBench,python,5640,0.7,0.979758828596038,0.8067375886524822,0.8848697005056397,0.8026863689755191,2275,2773,47,545
microsoft/codebert-base,Kamino,GPTCloneBench,java,14192,0.7,0.9728566699768288,0.8283540022547914,0.8948089511341146,0.814274943730397,5878,6932,164,1218
microsoft/codebert-base,Kamino,GPTCloneBench,csharp,9816,0.7,0.9944623904014768,0.8781581092094539,0.9326985500973816,0.8793022766435844,4310,4884,24,598
microsoft/codebert-base,GPTCloneBench,Kamino,python,18072,0.7,0.9228553537883531,0.8155157149181054,0.8658715704130191,0.7524510959233631,7369,8420,616,1667
microsoft/codebert-base,SemanticCloneBench,Kamino,python,18072,0.7,0.9132184630864042,0.8035635236830456,0.8548890327897805,0.7325021066317091,7261,8346,690,1775
microsoft/codebert-base,Kamino,SemanticCloneBench,python,2000,0.7,0.9732441471571908,0.582,0.7284105131414269,0.6181470946769781,582,984,16,418
microsoft/codebert-base,Kamino,SemanticCloneBench,java,1992,0.7,0.9799635701275046,0.5401606425702812,0.6964401294498382,0.5920948415549434,538,985,11,458
microsoft/codebert-base,Kamino,SemanticCloneBench,csharp,1870,0.7,0.9980353634577604,0.5433155080213904,0.703601108033241,0.60914404873829,508,934,1,427
Salesforce/codet5-base,GPTCloneBench,Kamino,python,18072,0.7,0.912874651134571,0.8325586542718016,0.8708687850900041,0.7560305141539999,7523,8318,718,1513
Salesforce/codet5-base,SemanticCloneBench,Kamino,python,18072,0.7,0.8959259704362457,0.8250332005312085,0.8590194157976611,0.7314879366169661,7455,8170,866,1581
Salesforce/codet5-base,Kamino,GPTCloneBench,python,5640,0.7,0.926583299717628,0.8145390070921986,0.866956029439517,0.7555441728259769,2297,2638,182,523
Salesforce/codet5-base,Kamino,GPTCloneBench,java,14192,0.7,0.9556267926438332,0.798196166854566,0.8698456576825616,0.7716765175957304,5664,6833,263,1432
Salesforce/codet5-base,Kamino,GPTCloneBench,csharp,9816,0.7,0.9911812485495476,0.8702118989405053,0.926765758923728,0.8689653978028248,4271,4870,38,637
Salesforce/codet5-base,Kamino,SemanticCloneBench,python,2000,0.7,0.9419889502762432,0.682,0.7911832946635731,0.6658637214737823,682,958,42,318
Salesforce/codet5-base,Kamino,SemanticCloneBench,java,1992,0.7,0.9786096256684492,0.5512048192771084,0.7052023121387283,0.5993396890500912,549,984,12,447
Salesforce/codet5-base,Kamino,SemanticCloneBench,csharp,1870,0.7,0.9871559633027523,0.5754010695187166,0.7270270270270269,0.6248680663933232,538,928,7,397
microsoft/codebert-base,Kamino,GPTCloneBench,python,5640,0.8,0.9913001449975832,0.7273049645390071,0.8390263857639598,0.747932160947057,2051,2802,18,769
microsoft/codebert-base,Kamino,GPTCloneBench,java,14192,0.8,0.984228313931656,0.7387260428410372,0.8439864756077925,0.7506144025632081,5242,7012,84,1854
microsoft/codebert-base,Kamino,GPTCloneBench,csharp,9816,0.8,0.9966649563878912,0.7915647921760391,0.8823529411764707,0.8061705905069233,3885,4895,13,1023
microsoft/codebert-base,GPTCloneBench,Kamino,python,18072,0.8,0.951197053406998,0.6859229747675962,0.7970679012345679,0.6776150163806638,6198,8718,318,2838
microsoft/codebert-base,Kamino,SemanticCloneBench,python,2000,0.8,0.9937629937629938,0.478,0.6455097906819717,0.5557022874771494,478,997,3,522
microsoft/codebert-base,Kamino,SemanticCloneBench,java,1992,0.8,0.9855072463768116,0.4096385542168674,0.5787234042553191,0.4973617507224711,408,990,6,588
microsoft/codebert-base,Kamino,SemanticCloneBench,csharp,1870,0.8,1.0,0.4235294117647059,0.5950413223140496,0.518321055348816,396,935,0,539
microsoft/codebert-base,SemanticCloneBench,Kamino,python,18072,0.8,0.9547985587946284,0.6451969898185037,0.77004358737287,0.6497600060352919,5830,8760,276,3206
Salesforce/codet5-base,Kamino,GPTCloneBench,python,5640,0.8,0.9516587677725118,0.7120567375886525,0.814604462474645,0.6983840560397571,2008,2718,102,812
Salesforce/codet5-base,Kamino,GPTCloneBench,java,14192,0.8,0.9745934959349594,0.6757328072153326,0.7981025299600533,0.691429042800996,4795,6971,125,2301
Salesforce/codet5-base,Kamino,GPTCloneBench,csharp,9816,0.8,0.9948546436840752,0.7878973105134475,0.8793632745878341,0.8013535972802863,3867,4888,20,1041
Salesforce/codet5-base,GPTCloneBench,Kamino,python,18072,0.8,0.9536650774731824,0.7083886675520141,0.8129286258572518,0.6974324544269301,6401,8725,311,2635
Salesforce/codet5-base,Kamino,SemanticCloneBench,python,2000,0.8,0.9702276707530648,0.554,0.7052832590706556,0.5944839270579946,554,983,17,446
Salesforce/codet5-base,Kamino,SemanticCloneBench,java,1992,0.8,0.9923857868020304,0.392570281124498,0.5625899280575539,0.4889846511756187,391,993,3,605
Salesforce/codet5-base,Kamino,SemanticCloneBench,csharp,1870,0.8,0.990632318501171,0.4524064171122994,0.6211453744493393,0.5337856815048646,423,931,4,512
Salesforce/codet5-base,SemanticCloneBench,Kamino,python,18072,0.8,0.9547043865225684,0.6647853032315184,0.783794363256785,0.6646313937736441,6007,8751,285,3029
microsoft/codebert-base,Kamino,GPTCloneBench,python,5640,0.6,0.9632120253164556,0.8634751773049646,0.9106207928197456,0.8349847847739946,2435,2727,93,385
microsoft/codebert-base,Kamino,GPTCloneBench,java,14192,0.6,0.9579754601226994,0.8802142051860203,0.9174500587544064,0.8443873222102987,6246,6822,274,850
microsoft/codebert-base,Kamino,GPTCloneBench,csharp,9816,0.6,0.9896907216494846,0.9193154034229828,0.9532058730326396,0.9120479648934544,4512,4861,47,396
microsoft/codebert-base,GPTCloneBench,Kamino,python,18072,0.6,0.8885787652115664,0.8808100929614874,0.8846773745345413,0.7703924361520201,7959,8038,998,1077
microsoft/codebert-base,Kamino,SemanticCloneBench,python,2000,0.6,0.9521800281293952,0.677,0.7913500876680305,0.671660353792592,677,966,34,323
microsoft/codebert-base,Kamino,SemanticCloneBench,java,1992,0.6,0.9671641791044776,0.6506024096385542,0.7779111644657863,0.6651524640886567,648,974,22,348
microsoft/codebert-base,Kamino,SemanticCloneBench,csharp,1870,0.6,0.9950819672131148,0.6491978609625668,0.7857605177993527,0.688948483568016,607,932,3,328
microsoft/codebert-base,SemanticCloneBench,Kamino,python,18072,0.6,0.8672203645777155,0.8897742363877822,0.878352542743213,0.7537963551157042,8040,7805,1231,996
Salesforce/codet5-base,Kamino,GPTCloneBench,python,5640,0.6,0.8886881098662812,0.8719858156028368,0.8802577411848935,0.7629007077965005,2459,2512,308,361
Salesforce/codet5-base,Kamino,GPTCloneBench,java,14192,0.6,0.9345345345345344,0.8771138669673055,0.9049142192497818,0.8172148544891602,6224,6660,436,872
Salesforce/codet5-base,Kamino,GPTCloneBench,csharp,9816,0.6,0.9820618111087096,0.925835370823146,0.953120083901416,0.9104175860033696,4544,4825,83,364
Salesforce/codet5-base,GPTCloneBench,Kamino,python,18072,0.6,0.8658667238054425,0.8944223107569721,0.8799129014697877,0.7562768127075173,8082,7784,1252,954
Salesforce/codet5-base,Kamino,SemanticCloneBench,python,2000,0.6,0.9053892215568864,0.756,0.8239782016348773,0.6864082082229935,756,921,79,244
Salesforce/codet5-base,Kamino,SemanticCloneBench,java,1992,0.6,0.957957957957958,0.6405622489959839,0.7677496991576414,0.6491139736292199,638,968,28,358
Salesforce/codet5-base,Kamino,SemanticCloneBench,csharp,1870,0.6,0.9828125,0.6727272727272727,0.7987301587301587,0.6965397927805914,629,924,11,306
Salesforce/codet5-base,SemanticCloneBench,Kamino,python,18072,0.6,0.8363561840352495,0.9032757857459052,0.8685288640595903,0.728875212715231,8162,7439,1597,874
microsoft/codebert-base,SemanticCloneBench,GPTCloneBench,python,5640,0.7,0.9670865501828524,0.8439716312056738,0.9013444423404658,0.8219358068040875,2380,2739,81,440
microsoft/codebert-base,SemanticCloneBench,GPTCloneBench,java,14192,0.7,0.9601916088536504,0.8191939120631342,0.884106463878327,0.7938364874278715,5813,6855,241,1283
microsoft/codebert-base,SemanticCloneBench,GPTCloneBench,csharp,9816,0.7,0.9844322344322344,0.876120619396903,0.9271237602414836,0.8675325822395044,4300,4840,68,608
Salesforce/codet5-base,SemanticCloneBench,GPTCloneBench,python,5640,0.7,0.9617204301075268,0.7929078014184398,0.8691933916423712,0.7733548249890553,2236,2731,89,584
Salesforce/codet5-base,SemanticCloneBench,GPTCloneBench,java,14192,0.7,0.964229074889868,0.7711386696730552,0.8569415081042988,0.7578826099021468,5472,6893,203,1624
Salesforce/codet5-base,SemanticCloneBench,GPTCloneBench,csharp,9816,0.7,0.9911143131604226,0.8408720456397718,0.9098324514991182,0.8430762808286508,4127,4871,37,781
microsoft/codebert-base,SemanticCloneBench,GPTCloneBench,python,5640,0.6,0.9425500370644924,0.90177304964539,0.921710764769844,0.8476020835185868,2543,2665,155,277
microsoft/codebert-base,SemanticCloneBench,GPTCloneBench,java,14192,0.6,0.9236641221374046,0.9037485907553552,0.9135978346036042,0.8292514047443507,6413,6566,530,683
microsoft/codebert-base,SemanticCloneBench,GPTCloneBench,csharp,9816,0.6,0.9600084192801516,0.9292991035044824,0.9444041826276012,0.8910428023869029,4561,4718,190,347
Salesforce/codet5-base,SemanticCloneBench,GPTCloneBench,python,5640,0.6,0.939745508982036,0.8904255319148936,0.91442097596504,0.8344833715402682,2511,2659,161,309
Salesforce/codet5-base,SemanticCloneBench,GPTCloneBench,java,14192,0.6,0.9295732617129217,0.8779594137542277,0.9030294245542833,0.8126967817069268,6230,6624,472,866
Salesforce/codet5-base,SemanticCloneBench,GPTCloneBench,csharp,9816,0.6,0.973735199138859,0.9215566422167889,0.9469276667015598,0.8979894626325405,4523,4786,122,385
