source_id,target_id,similarity
BigCodeBench/817,BigCodeBench/804,0.59450936
BigCodeBench/817,BigCodeBench/876,0.5438799
BigCodeBench/817,BigCodeBench/633,0.52831656
BigCodeBench/817,BigCodeBench/412,0.5035949
BigCodeBench/817,BigCodeBench/713,0.49934238
BigCodeBench/695,BigCodeBench/447,0.6408229
BigCodeBench/695,BigCodeBench/375,0.62878263
BigCodeBench/695,BigCodeBench/702,0.6219033
BigCodeBench/695,BigCodeBench/304,0.6195494
BigCodeBench/695,BigCodeBench/624,0.59783626
BigCodeBench/1136,BigCodeBench/192,0.523031
BigCodeBench/1136,BigCodeBench/923,0.51017874
BigCodeBench/1136,BigCodeBench/203,0.49520952
BigCodeBench/1136,BigCodeBench/72,0.4481899
BigCodeBench/1136,BigCodeBench/70,0.42234764
BigCodeBench/22,BigCodeBench/552,0.7272538
BigCodeBench/22,BigCodeBench/898,0.6436
BigCodeBench/22,BigCodeBench/307,0.5537238
BigCodeBench/22,BigCodeBench/896,0.5523888
BigCodeBench/22,BigCodeBench/820,0.5059395
BigCodeBench/435,BigCodeBench/1046,0.7927412
BigCodeBench/435,BigCodeBench/68,0.6214789
BigCodeBench/435,BigCodeBench/1117,0.58965594
BigCodeBench/435,BigCodeBench/1113,0.5729072
BigCodeBench/435,BigCodeBench/1114,0.5462665
BigCodeBench/938,BigCodeBench/924,0.58356905
BigCodeBench/938,BigCodeBench/838,0.5697195
BigCodeBench/938,BigCodeBench/599,0.5329839
BigCodeBench/938,BigCodeBench/922,0.5113435
BigCodeBench/938,BigCodeBench/478,0.50888467
BigCodeBench/665,BigCodeBench/759,0.507378
BigCodeBench/665,BigCodeBench/965,0.486853
BigCodeBench/665,BigCodeBench/974,0.47204933
BigCodeBench/665,BigCodeBench/756,0.46687585
BigCodeBench/665,BigCodeBench/907,0.45449343
BigCodeBench/290,BigCodeBench/719,0.7723943
BigCodeBench/290,BigCodeBench/332,0.7019871
BigCodeBench/290,BigCodeBench/286,0.6633882
BigCodeBench/290,BigCodeBench/957,0.644601
BigCodeBench/290,BigCodeBench/849,0.59349936
BigCodeBench/645,BigCodeBench/924,0.6282743
BigCodeBench/645,BigCodeBench/629,0.6000769
BigCodeBench/645,BigCodeBench/437,0.5818073
BigCodeBench/645,BigCodeBench/681,0.5807129
BigCodeBench/645,BigCodeBench/411,0.5196135
BigCodeBench/95,BigCodeBench/84,0.67751336
BigCodeBench/95,BigCodeBench/640,0.6477496
BigCodeBench/95,BigCodeBench/75,0.643224
BigCodeBench/95,BigCodeBench/786,0.6387503
BigCodeBench/95,BigCodeBench/163,0.62596405
BigCodeBench/67,BigCodeBench/266,0.570518
BigCodeBench/67,BigCodeBench/641,0.526888
BigCodeBench/67,BigCodeBench/395,0.51475775
BigCodeBench/67,BigCodeBench/719,0.51406765
BigCodeBench/67,BigCodeBench/72,0.43402067
BigCodeBench/362,BigCodeBench/361,0.5405458
BigCodeBench/362,BigCodeBench/499,0.5404864
BigCodeBench/362,BigCodeBench/490,0.38907334
BigCodeBench/362,BigCodeBench/836,0.38249087
BigCodeBench/362,BigCodeBench/1118,0.35933676
BigCodeBench/714,BigCodeBench/715,0.6378635
BigCodeBench/714,BigCodeBench/541,0.5396358
BigCodeBench/714,BigCodeBench/798,0.4397549
BigCodeBench/714,BigCodeBench/1103,0.4252578
BigCodeBench/714,BigCodeBench/953,0.41710496
BigCodeBench/414,BigCodeBench/44,0.6014873
BigCodeBench/414,BigCodeBench/35,0.59231186
BigCodeBench/414,BigCodeBench/523,0.58843625
BigCodeBench/414,BigCodeBench/43,0.5872475
BigCodeBench/414,BigCodeBench/463,0.5780888
BigCodeBench/875,BigCodeBench/864,0.6686477
BigCodeBench/875,BigCodeBench/835,0.629615
BigCodeBench/875,BigCodeBench/887,0.57675487
BigCodeBench/875,BigCodeBench/805,0.5760348
BigCodeBench/875,BigCodeBench/434,0.5528645
BigCodeBench/207,BigCodeBench/28,0.58742934
BigCodeBench/207,BigCodeBench/189,0.54399514
BigCodeBench/207,BigCodeBench/1133,0.5173193
BigCodeBench/207,BigCodeBench/339,0.4745531
BigCodeBench/207,BigCodeBench/314,0.4666768
BigCodeBench/520,BigCodeBench/519,0.7259187
BigCodeBench/520,BigCodeBench/522,0.6232554
BigCodeBench/520,BigCodeBench/919,0.58058393
BigCodeBench/520,BigCodeBench/150,0.55513257
BigCodeBench/520,BigCodeBench/1034,0.54779446
BigCodeBench/531,BigCodeBench/809,0.6365756
BigCodeBench/531,BigCodeBench/623,0.63297755
BigCodeBench/531,BigCodeBench/51,0.6287757
BigCodeBench/531,BigCodeBench/430,0.62370336
BigCodeBench/531,BigCodeBench/107,0.6107664
BigCodeBench/340,BigCodeBench/130,0.58241856
BigCodeBench/340,BigCodeBench/131,0.5749698
BigCodeBench/340,BigCodeBench/542,0.54957676
BigCodeBench/340,BigCodeBench/1132,0.5109059
BigCodeBench/340,BigCodeBench/24,0.50316083
BigCodeBench/370,BigCodeBench/773,0.6581601
BigCodeBench/370,BigCodeBench/391,0.60856485
BigCodeBench/370,BigCodeBench/260,0.60730016
BigCodeBench/370,BigCodeBench/400,0.5664277
BigCodeBench/370,BigCodeBench/118,0.48651648
BigCodeBench/449,BigCodeBench/1024,0.679262
BigCodeBench/449,BigCodeBench/218,0.63291734
BigCodeBench/449,BigCodeBench/116,0.62749153
BigCodeBench/449,BigCodeBench/269,0.6033263
BigCodeBench/449,BigCodeBench/680,0.60268646
BigCodeBench/728,BigCodeBench/60,0.6705306
BigCodeBench/728,BigCodeBench/764,0.5723479
BigCodeBench/728,BigCodeBench/1091,0.57093656
BigCodeBench/728,BigCodeBench/206,0.5439007
BigCodeBench/728,BigCodeBench/873,0.51310825
BigCodeBench/902,BigCodeBench/4,0.74195194
BigCodeBench/902,BigCodeBench/900,0.66912055
BigCodeBench/902,BigCodeBench/1110,0.6643155
BigCodeBench/902,BigCodeBench/741,0.6231618
BigCodeBench/902,BigCodeBench/1111,0.6036355
BigCodeBench/850,BigCodeBench/152,0.7794669
BigCodeBench/850,BigCodeBench/869,0.7671275
BigCodeBench/850,BigCodeBench/469,0.7054488
BigCodeBench/850,BigCodeBench/117,0.70275134
BigCodeBench/850,BigCodeBench/86,0.5825781
BigCodeBench/983,BigCodeBench/980,0.69575846
BigCodeBench/983,BigCodeBench/105,0.63451815
BigCodeBench/983,BigCodeBench/920,0.5961692
BigCodeBench/983,BigCodeBench/608,0.58712304
BigCodeBench/983,BigCodeBench/57,0.58190864
BigCodeBench/135,BigCodeBench/44,0.7681501
BigCodeBench/135,BigCodeBench/43,0.6372374
BigCodeBench/135,BigCodeBench/35,0.6029931
BigCodeBench/135,BigCodeBench/46,0.58998734
BigCodeBench/135,BigCodeBench/527,0.5598858
BigCodeBench/931,BigCodeBench/932,0.7017686
BigCodeBench/931,BigCodeBench/937,0.5617511
BigCodeBench/931,BigCodeBench/929,0.53003156
BigCodeBench/931,BigCodeBench/957,0.5180964
BigCodeBench/931,BigCodeBench/1,0.51314193
BigCodeBench/500,BigCodeBench/499,0.6483495
BigCodeBench/500,BigCodeBench/873,0.6381441
BigCodeBench/500,BigCodeBench/839,0.503553
BigCodeBench/500,BigCodeBench/390,0.49456364
BigCodeBench/500,BigCodeBench/498,0.4788944
BigCodeBench/996,BigCodeBench/285,0.5171978
BigCodeBench/996,BigCodeBench/1118,0.47793213
BigCodeBench/996,BigCodeBench/189,0.4737895
BigCodeBench/996,BigCodeBench/1000,0.45784318
BigCodeBench/996,BigCodeBench/722,0.4435458
BigCodeBench/491,BigCodeBench/88,0.74684525
BigCodeBench/491,BigCodeBench/941,0.711364
BigCodeBench/491,BigCodeBench/664,0.700358
BigCodeBench/491,BigCodeBench/493,0.6277518
BigCodeBench/491,BigCodeBench/640,0.61173123
BigCodeBench/321,BigCodeBench/138,0.63668597
BigCodeBench/321,BigCodeBench/319,0.6288018
BigCodeBench/321,BigCodeBench/31,0.5945301
BigCodeBench/321,BigCodeBench/475,0.56192297
BigCodeBench/321,BigCodeBench/601,0.55347264
BigCodeBench/605,BigCodeBench/1064,0.792753
BigCodeBench/605,BigCodeBench/456,0.6833222
BigCodeBench/605,BigCodeBench/920,0.65692204
BigCodeBench/605,BigCodeBench/661,0.64870346
BigCodeBench/605,BigCodeBench/40,0.6129781
BigCodeBench/772,BigCodeBench/455,0.5601196
BigCodeBench/772,BigCodeBench/247,0.5538641
BigCodeBench/772,BigCodeBench/837,0.546391
BigCodeBench/772,BigCodeBench/688,0.53663504
BigCodeBench/772,BigCodeBench/448,0.5226213
BigCodeBench/318,BigCodeBench/467,0.6496069
BigCodeBench/318,BigCodeBench/444,0.5957501
BigCodeBench/318,BigCodeBench/405,0.59116095
BigCodeBench/318,BigCodeBench/259,0.5659764
BigCodeBench/318,BigCodeBench/589,0.56346583
BigCodeBench/134,BigCodeBench/982,0.6693114
BigCodeBench/134,BigCodeBench/475,0.63982326
BigCodeBench/134,BigCodeBench/133,0.61291707
BigCodeBench/134,BigCodeBench/110,0.61236656
BigCodeBench/134,BigCodeBench/1069,0.5990232
BigCodeBench/611,BigCodeBench/610,0.91722906
BigCodeBench/611,BigCodeBench/609,0.85909724
BigCodeBench/611,BigCodeBench/607,0.8536341
BigCodeBench/611,BigCodeBench/608,0.83374745
BigCodeBench/611,BigCodeBench/174,0.6140913
BigCodeBench/753,BigCodeBench/185,0.49547085
BigCodeBench/753,BigCodeBench/444,0.4794017
BigCodeBench/753,BigCodeBench/455,0.46722937
BigCodeBench/753,BigCodeBench/405,0.44968802
BigCodeBench/753,BigCodeBench/789,0.44960362
BigCodeBench/1107,BigCodeBench/561,0.7445516
BigCodeBench/1107,BigCodeBench/647,0.58877224
BigCodeBench/1107,BigCodeBench/48,0.58561087
BigCodeBench/1107,BigCodeBench/1076,0.5369016
BigCodeBench/1107,BigCodeBench/50,0.5220184
BigCodeBench/316,BigCodeBench/386,0.67319113
BigCodeBench/316,BigCodeBench/462,0.6382793
BigCodeBench/316,BigCodeBench/167,0.633043
BigCodeBench/316,BigCodeBench/165,0.59970176
BigCodeBench/316,BigCodeBench/919,0.5978915
BigCodeBench/792,BigCodeBench/746,0.66094786
BigCodeBench/792,BigCodeBench/877,0.6127051
BigCodeBench/792,BigCodeBench/750,0.5804982
BigCodeBench/792,BigCodeBench/701,0.5381623
BigCodeBench/792,BigCodeBench/903,0.53773504
BigCodeBench/1048,BigCodeBench/628,0.57590336
BigCodeBench/1048,BigCodeBench/1047,0.57519734
BigCodeBench/1048,BigCodeBench/246,0.5566836
BigCodeBench/1048,BigCodeBench/581,0.53743196
BigCodeBench/1048,BigCodeBench/355,0.48341775
BigCodeBench/1075,BigCodeBench/50,0.5990423
BigCodeBench/1075,BigCodeBench/647,0.5160867
BigCodeBench/1075,BigCodeBench/1045,0.5104928
BigCodeBench/1075,BigCodeBench/485,0.5060106
BigCodeBench/1075,BigCodeBench/650,0.47685933
BigCodeBench/966,BigCodeBench/514,0.63987696
BigCodeBench/966,BigCodeBench/512,0.6301234
BigCodeBench/966,BigCodeBench/43,0.5996978
BigCodeBench/966,BigCodeBench/392,0.5920057
BigCodeBench/966,BigCodeBench/1011,0.5911103
BigCodeBench/364,BigCodeBench/701,0.7968451
BigCodeBench/364,BigCodeBench/891,0.6907897
BigCodeBench/364,BigCodeBench/690,0.5747109
BigCodeBench/364,BigCodeBench/516,0.56717086
BigCodeBench/364,BigCodeBench/677,0.5412983
BigCodeBench/29,BigCodeBench/688,0.65062904
BigCodeBench/29,BigCodeBench/558,0.62496805
BigCodeBench/29,BigCodeBench/660,0.5409103
BigCodeBench/29,BigCodeBench/921,0.5201614
BigCodeBench/29,BigCodeBench/140,0.51943237
BigCodeBench/1037,BigCodeBench/430,0.70349
BigCodeBench/1037,BigCodeBench/472,0.6549574
BigCodeBench/1037,BigCodeBench/623,0.64250356
BigCodeBench/1037,BigCodeBench/107,0.6153246
BigCodeBench/1037,BigCodeBench/809,0.5919289
BigCodeBench/41,BigCodeBench/312,0.5442617
BigCodeBench/41,BigCodeBench/1061,0.5013475
BigCodeBench/41,BigCodeBench/43,0.4919143
BigCodeBench/41,BigCodeBench/369,0.4738202
BigCodeBench/41,BigCodeBench/58,0.4689713
BigCodeBench/98,BigCodeBench/896,0.7892492
BigCodeBench/98,BigCodeBench/855,0.78650177
BigCodeBench/98,BigCodeBench/1031,0.74905014
BigCodeBench/98,BigCodeBench/858,0.7474121
BigCodeBench/98,BigCodeBench/1,0.7431628
BigCodeBench/76,BigCodeBench/822,0.5194528
BigCodeBench/76,BigCodeBench/256,0.47338352
BigCodeBench/76,BigCodeBench/596,0.4403937
BigCodeBench/76,BigCodeBench/542,0.43851787
BigCodeBench/76,BigCodeBench/272,0.4309218
BigCodeBench/871,BigCodeBench/872,0.8142348
BigCodeBench/871,BigCodeBench/1054,0.5976609
BigCodeBench/871,BigCodeBench/506,0.5967334
BigCodeBench/871,BigCodeBench/525,0.5768641
BigCodeBench/871,BigCodeBench/116,0.56955695
BigCodeBench/735,BigCodeBench/737,0.7093221
BigCodeBench/735,BigCodeBench/738,0.6727718
BigCodeBench/735,BigCodeBench/204,0.5291776
BigCodeBench/735,BigCodeBench/621,0.5269941
BigCodeBench/735,BigCodeBench/10,0.49667993
BigCodeBench/335,BigCodeBench/896,0.78143644
BigCodeBench/335,BigCodeBench/898,0.74903774
BigCodeBench/335,BigCodeBench/855,0.73183185
BigCodeBench/335,BigCodeBench/820,0.72176766
BigCodeBench/335,BigCodeBench/858,0.71501994
BigCodeBench/393,BigCodeBench/217,0.8244182
BigCodeBench/393,BigCodeBench/58,0.8067485
BigCodeBench/393,BigCodeBench/312,0.7575852
BigCodeBench/393,BigCodeBench/455,0.7441139
BigCodeBench/393,BigCodeBench/894,0.7294683
BigCodeBench/575,BigCodeBench/576,0.6841489
BigCodeBench/575,BigCodeBench/1070,0.6586457
BigCodeBench/575,BigCodeBench/1072,0.61509836
BigCodeBench/575,BigCodeBench/909,0.6046785
BigCodeBench/575,BigCodeBench/976,0.59071475
BigCodeBench/691,BigCodeBench/880,0.7067217
BigCodeBench/691,BigCodeBench/623,0.63996595
BigCodeBench/691,BigCodeBench/51,0.63664806
BigCodeBench/691,BigCodeBench/107,0.6216798
BigCodeBench/691,BigCodeBench/809,0.60757554
BigCodeBench/505,BigCodeBench/433,0.6599692
BigCodeBench/505,BigCodeBench/533,0.60566056
BigCodeBench/505,BigCodeBench/453,0.52717626
BigCodeBench/505,BigCodeBench/412,0.52384645
BigCodeBench/505,BigCodeBench/466,0.470847
BigCodeBench/66,BigCodeBench/64,0.7635801
BigCodeBench/66,BigCodeBench/43,0.5966194
BigCodeBench/66,BigCodeBench/609,0.5920055
BigCodeBench/66,BigCodeBench/65,0.58709997
BigCodeBench/66,BigCodeBench/20,0.55887103
BigCodeBench/178,BigCodeBench/397,0.8124149
BigCodeBench/178,BigCodeBench/144,0.4809059
BigCodeBench/178,BigCodeBench/74,0.4335218
BigCodeBench/178,BigCodeBench/176,0.4263168
BigCodeBench/178,BigCodeBench/189,0.4186328
BigCodeBench/263,BigCodeBench/641,0.524486
BigCodeBench/263,BigCodeBench/6,0.5118028
BigCodeBench/263,BigCodeBench/836,0.49198842
BigCodeBench/263,BigCodeBench/756,0.47712958
BigCodeBench/263,BigCodeBench/962,0.46720505
BigCodeBench/1030,BigCodeBench/1033,0.8188764
BigCodeBench/1030,BigCodeBench/909,0.6332038
BigCodeBench/1030,BigCodeBench/1029,0.6178814
BigCodeBench/1030,BigCodeBench/935,0.6162428
BigCodeBench/1030,BigCodeBench/138,0.5547368
BigCodeBench/283,BigCodeBench/743,0.6757777
BigCodeBench/283,BigCodeBench/202,0.5815331
BigCodeBench/283,BigCodeBench/1090,0.5617901
BigCodeBench/283,BigCodeBench/216,0.5461703
BigCodeBench/283,BigCodeBench/400,0.5413433
BigCodeBench/739,BigCodeBench/545,0.8014798
BigCodeBench/739,BigCodeBench/247,0.6571722
BigCodeBench/739,BigCodeBench/240,0.62091434
BigCodeBench/739,BigCodeBench/243,0.6171236
BigCodeBench/739,BigCodeBench/249,0.5775734
BigCodeBench/45,BigCodeBench/136,0.7028568
BigCodeBench/45,BigCodeBench/42,0.67373294
BigCodeBench/45,BigCodeBench/702,0.67312074
BigCodeBench/45,BigCodeBench/447,0.65728164
BigCodeBench/45,BigCodeBench/375,0.61303127
BigCodeBench/1074,BigCodeBench/561,0.89734495
BigCodeBench/1074,BigCodeBench/647,0.6523704
BigCodeBench/1074,BigCodeBench/485,0.56185293
BigCodeBench/1074,BigCodeBench/1076,0.49200946
BigCodeBench/1074,BigCodeBench/650,0.41085982
BigCodeBench/171,BigCodeBench/384,0.5598029
BigCodeBench/171,BigCodeBench/5,0.5346041
BigCodeBench/171,BigCodeBench/1079,0.51760393
BigCodeBench/171,BigCodeBench/864,0.5072738
BigCodeBench/171,BigCodeBench/2,0.5072508
BigCodeBench/901,BigCodeBench/1025,0.7286075
BigCodeBench/901,BigCodeBench/114,0.64511985
BigCodeBench/901,BigCodeBench/151,0.61112213
BigCodeBench/901,BigCodeBench/269,0.59972394
BigCodeBench/901,BigCodeBench/903,0.5775839
BigCodeBench/598,BigCodeBench/599,0.7830688
BigCodeBench/598,BigCodeBench/601,0.6669252
BigCodeBench/598,BigCodeBench/55,0.64191365
BigCodeBench/598,BigCodeBench/96,0.6340183
BigCodeBench/598,BigCodeBench/721,0.6188024
BigCodeBench/707,BigCodeBench/240,0.59311116
BigCodeBench/707,BigCodeBench/632,0.592196
BigCodeBench/707,BigCodeBench/193,0.588073
BigCodeBench/707,BigCodeBench/411,0.5828419
BigCodeBench/707,BigCodeBench/681,0.5827031
BigCodeBench/77,BigCodeBench/24,0.53519845
BigCodeBench/77,BigCodeBench/433,0.49409357
BigCodeBench/77,BigCodeBench/547,0.48521525
BigCodeBench/77,BigCodeBench/28,0.48460424
BigCodeBench/77,BigCodeBench/1132,0.46555027
BigCodeBench/993,BigCodeBench/599,0.7982396
BigCodeBench/993,BigCodeBench/601,0.71827614
BigCodeBench/993,BigCodeBench/936,0.6401732
BigCodeBench/993,BigCodeBench/1052,0.6031189
BigCodeBench/993,BigCodeBench/31,0.5367359
BigCodeBench/767,BigCodeBench/685,0.6815336
BigCodeBench/767,BigCodeBench/820,0.59880614
BigCodeBench/767,BigCodeBench/858,0.5963687
BigCodeBench/767,BigCodeBench/1,0.5737226
BigCodeBench/767,BigCodeBench/862,0.5635619
BigCodeBench/1123,BigCodeBench/314,0.54587626
BigCodeBench/1123,BigCodeBench/176,0.46235082
BigCodeBench/1123,BigCodeBench/202,0.45634663
BigCodeBench/1123,BigCodeBench/1067,0.4499361
BigCodeBench/1123,BigCodeBench/1007,0.42083746
BigCodeBench/1099,BigCodeBench/1097,0.61178267
BigCodeBench/1099,BigCodeBench/52,0.5899571
BigCodeBench/1099,BigCodeBench/733,0.5139334
BigCodeBench/1099,BigCodeBench/722,0.5112406
BigCodeBench/1099,BigCodeBench/332,0.49584496
BigCodeBench/32,BigCodeBench/284,0.47492307
BigCodeBench/32,BigCodeBench/1018,0.4520737
BigCodeBench/32,BigCodeBench/709,0.44006085
BigCodeBench/32,BigCodeBench/722,0.41473103
BigCodeBench/32,BigCodeBench/285,0.4070896
BigCodeBench/137,BigCodeBench/133,0.6017642
BigCodeBench/137,BigCodeBench/921,0.4363528
BigCodeBench/137,BigCodeBench/156,0.41959095
BigCodeBench/137,BigCodeBench/140,0.41880894
BigCodeBench/137,BigCodeBench/44,0.40442723
BigCodeBench/806,BigCodeBench/332,0.6408491
BigCodeBench/806,BigCodeBench/808,0.6255356
BigCodeBench/806,BigCodeBench/633,0.62431896
BigCodeBench/806,BigCodeBench/849,0.61991566
BigCodeBench/806,BigCodeBench/52,0.6167538
BigCodeBench/543,BigCodeBench/545,0.7689494
BigCodeBench/543,BigCodeBench/544,0.6526978
BigCodeBench/543,BigCodeBench/534,0.63554144
BigCodeBench/543,BigCodeBench/548,0.6254983
BigCodeBench/543,BigCodeBench/1132,0.6018927
BigCodeBench/570,BigCodeBench/571,0.61339056
BigCodeBench/570,BigCodeBench/1007,0.5348704
BigCodeBench/570,BigCodeBench/412,0.5016153
BigCodeBench/570,BigCodeBench/272,0.47044206
BigCodeBench/570,BigCodeBench/1090,0.4311694
BigCodeBench/744,BigCodeBench/633,0.7317426
BigCodeBench/744,BigCodeBench/376,0.68944997
BigCodeBench/744,BigCodeBench/849,0.6723105
BigCodeBench/744,BigCodeBench/52,0.6612038
BigCodeBench/744,BigCodeBench/332,0.6347353
BigCodeBench/1071,BigCodeBench/252,0.61330724
BigCodeBench/1071,BigCodeBench/868,0.6065712
BigCodeBench/1071,BigCodeBench/457,0.57167083
BigCodeBench/1071,BigCodeBench/470,0.5396489
BigCodeBench/1071,BigCodeBench/473,0.53463805
BigCodeBench/950,BigCodeBench/946,0.73305017
BigCodeBench/950,BigCodeBench/948,0.6556287
BigCodeBench/950,BigCodeBench/837,0.5668264
BigCodeBench/950,BigCodeBench/247,0.55698836
BigCodeBench/950,BigCodeBench/608,0.5437325
BigCodeBench/228,BigCodeBench/555,0.6920996
BigCodeBench/228,BigCodeBench/980,0.5866742
BigCodeBench/228,BigCodeBench/57,0.5680419
BigCodeBench/228,BigCodeBench/639,0.54753053
BigCodeBench/228,BigCodeBench/515,0.54285705
BigCodeBench/94,BigCodeBench/474,0.9021252
BigCodeBench/94,BigCodeBench/217,0.809901
BigCodeBench/94,BigCodeBench/58,0.76425695
BigCodeBench/94,BigCodeBench/116,0.72949886
BigCodeBench/94,BigCodeBench/312,0.70955485
BigCodeBench/1073,BigCodeBench/48,0.5917944
BigCodeBench/1073,BigCodeBench/1102,0.53037524
BigCodeBench/1073,BigCodeBench/646,0.5268196
BigCodeBench/1073,BigCodeBench/470,0.52566016
BigCodeBench/1073,BigCodeBench/50,0.52563953
BigCodeBench/861,BigCodeBench/820,0.56123483
BigCodeBench/861,BigCodeBench/898,0.5412782
BigCodeBench/861,BigCodeBench/1072,0.53839517
BigCodeBench/861,BigCodeBench/896,0.5313796
BigCodeBench/861,BigCodeBench/833,0.5298723
BigCodeBench/888,BigCodeBench/890,0.583493
BigCodeBench/888,BigCodeBench/629,0.5532557
BigCodeBench/888,BigCodeBench/395,0.5438621
BigCodeBench/888,BigCodeBench/873,0.54135305
BigCodeBench/888,BigCodeBench/632,0.51854074
BigCodeBench/109,BigCodeBench/387,0.61835206
BigCodeBench/109,BigCodeBench/462,0.6118514
BigCodeBench/109,BigCodeBench/919,0.5939113
BigCodeBench/109,BigCodeBench/540,0.5862478
BigCodeBench/109,BigCodeBench/168,0.5848701
BigCodeBench/248,BigCodeBench/209,0.54386973
BigCodeBench/248,BigCodeBench/470,0.53864574
BigCodeBench/248,BigCodeBench/250,0.52141076
BigCodeBench/248,BigCodeBench/197,0.51794493
BigCodeBench/248,BigCodeBench/198,0.5150312
BigCodeBench/225,BigCodeBench/218,0.7641566
BigCodeBench/225,BigCodeBench/1069,0.7178407
BigCodeBench/225,BigCodeBench/463,0.65572715
BigCodeBench/225,BigCodeBench/982,0.64662564
BigCodeBench/225,BigCodeBench/1024,0.6242097
BigCodeBench/251,BigCodeBench/112,0.5286614
BigCodeBench/251,BigCodeBench/69,0.52461106
BigCodeBench/251,BigCodeBench/217,0.48085058
BigCodeBench/251,BigCodeBench/312,0.4792652
BigCodeBench/251,BigCodeBench/382,0.47886002
BigCodeBench/311,BigCodeBench/10,0.7663568
BigCodeBench/311,BigCodeBench/2,0.71124715
BigCodeBench/311,BigCodeBench/141,0.65682566
BigCodeBench/311,BigCodeBench/573,0.6548146
BigCodeBench/311,BigCodeBench/307,0.6083959
BigCodeBench/642,BigCodeBench/1130,0.6642631
BigCodeBench/642,BigCodeBench/1127,0.6121539
BigCodeBench/642,BigCodeBench/336,0.60380894
BigCodeBench/642,BigCodeBench/641,0.59496343
BigCodeBench/642,BigCodeBench/325,0.5588794
BigCodeBench/38,BigCodeBench/1061,0.68296134
BigCodeBench/38,BigCodeBench/217,0.6590349
BigCodeBench/38,BigCodeBench/58,0.6371936
BigCodeBench/38,BigCodeBench/894,0.63612914
BigCodeBench/38,BigCodeBench/116,0.6179562
BigCodeBench/811,BigCodeBench/805,0.6665659
BigCodeBench/811,BigCodeBench/909,0.5446212
BigCodeBench/811,BigCodeBench/829,0.54245555
BigCodeBench/811,BigCodeBench/862,0.53833663
BigCodeBench/811,BigCodeBench/1070,0.5353977
BigCodeBench/774,BigCodeBench/878,0.54253376
BigCodeBench/774,BigCodeBench/455,0.49854472
BigCodeBench/774,BigCodeBench/815,0.45025414
BigCodeBench/774,BigCodeBench/837,0.44996923
BigCodeBench/774,BigCodeBench/848,0.43075454
BigCodeBench/1059,BigCodeBench/608,0.535471
BigCodeBench/1059,BigCodeBench/193,0.5332057
BigCodeBench/1059,BigCodeBench/1029,0.49731892
BigCodeBench/1059,BigCodeBench/609,0.49341547
BigCodeBench/1059,BigCodeBench/1070,0.48720556
BigCodeBench/606,BigCodeBench/749,0.5884446
BigCodeBench/606,BigCodeBench/710,0.5809635
BigCodeBench/606,BigCodeBench/440,0.5609762
BigCodeBench/606,BigCodeBench/156,0.53735375
BigCodeBench/606,BigCodeBench/807,0.5325944
BigCodeBench/727,BigCodeBench/1052,0.5624031
BigCodeBench/727,BigCodeBench/957,0.5311407
BigCodeBench/727,BigCodeBench/96,0.5203043
BigCodeBench/727,BigCodeBench/721,0.5189953
BigCodeBench/727,BigCodeBench/376,0.500332
BigCodeBench/659,BigCodeBench/1061,0.5877271
BigCodeBench/659,BigCodeBench/448,0.54950845
BigCodeBench/659,BigCodeBench/58,0.5450405
BigCodeBench/659,BigCodeBench/291,0.5365733
BigCodeBench/659,BigCodeBench/660,0.5311992
BigCodeBench/751,BigCodeBench/894,0.6328728
BigCodeBench/751,BigCodeBench/217,0.62511337
BigCodeBench/751,BigCodeBench/58,0.5816142
BigCodeBench/751,BigCodeBench/312,0.567039
BigCodeBench/751,BigCodeBench/194,0.55173707
BigCodeBench/761,BigCodeBench/203,0.5766449
BigCodeBench/761,BigCodeBench/923,0.5687077
BigCodeBench/761,BigCodeBench/192,0.49127483
BigCodeBench/761,BigCodeBench/841,0.4664302
BigCodeBench/761,BigCodeBench/70,0.45883405
BigCodeBench/991,BigCodeBench/794,0.65744936
BigCodeBench/991,BigCodeBench/545,0.6572362
BigCodeBench/991,BigCodeBench/855,0.65565425
BigCodeBench/991,BigCodeBench/852,0.64941025
BigCodeBench/991,BigCodeBench/896,0.6258206
BigCodeBench/783,BigCodeBench/712,1.0000002
BigCodeBench/783,BigCodeBench/756,0.9708114
BigCodeBench/783,BigCodeBench/380,0.73959446
BigCodeBench/783,BigCodeBench/759,0.6908605
BigCodeBench/783,BigCodeBench/962,0.6573057
BigCodeBench/803,BigCodeBench/710,0.7531833
BigCodeBench/803,BigCodeBench/921,0.74089396
BigCodeBench/803,BigCodeBench/133,0.7377559
BigCodeBench/803,BigCodeBench/742,0.6843151
BigCodeBench/803,BigCodeBench/688,0.62484306
BigCodeBench/1041,BigCodeBench/314,0.66775477
BigCodeBench/1041,BigCodeBench/1067,0.63182586
BigCodeBench/1041,BigCodeBench/78,0.60823095
BigCodeBench/1041,BigCodeBench/1133,0.5492562
BigCodeBench/1041,BigCodeBench/272,0.5320792
BigCodeBench/1038,BigCodeBench/272,0.45722124
BigCodeBench/1038,BigCodeBench/27,0.4466527
BigCodeBench/1038,BigCodeBench/12,0.43762124
BigCodeBench/1038,BigCodeBench/314,0.42946073
BigCodeBench/1038,BigCodeBench/144,0.4115805
BigCodeBench/635,BigCodeBench/633,0.6706566
BigCodeBench/635,BigCodeBench/658,0.6125572
BigCodeBench/635,BigCodeBench/1052,0.606315
BigCodeBench/635,BigCodeBench/54,0.592675
BigCodeBench/635,BigCodeBench/808,0.579255
BigCodeBench/696,BigCodeBench/833,0.5325068
BigCodeBench/696,BigCodeBench/185,0.52798676
BigCodeBench/696,BigCodeBench/444,0.5162327
BigCodeBench/696,BigCodeBench/253,0.50731313
BigCodeBench/696,BigCodeBench/694,0.5034635
BigCodeBench/550,BigCodeBench/540,0.6086324
BigCodeBench/550,BigCodeBench/551,0.6054162
BigCodeBench/550,BigCodeBench/797,0.5079876
BigCodeBench/550,BigCodeBench/864,0.50057054
BigCodeBench/550,BigCodeBench/805,0.48699903
BigCodeBench/788,BigCodeBench/884,0.58848554
BigCodeBench/788,BigCodeBench/887,0.56328523
BigCodeBench/788,BigCodeBench/877,0.54114485
BigCodeBench/788,BigCodeBench/197,0.45502457
BigCodeBench/788,BigCodeBench/201,0.44956785
BigCodeBench/1087,BigCodeBench/58,0.71096593
BigCodeBench/1087,BigCodeBench/217,0.69669306
BigCodeBench/1087,BigCodeBench/474,0.6687034
BigCodeBench/1087,BigCodeBench/312,0.6547977
BigCodeBench/1087,BigCodeBench/382,0.6324214
BigCodeBench/268,BigCodeBench/741,0.6781882
BigCodeBench/268,BigCodeBench/4,0.61936426
BigCodeBench/268,BigCodeBench/113,0.61053765
BigCodeBench/268,BigCodeBench/262,0.591417
BigCodeBench/268,BigCodeBench/264,0.5730392
BigCodeBench/549,BigCodeBench/1007,0.57584953
BigCodeBench/549,BigCodeBench/27,0.5686146
BigCodeBench/549,BigCodeBench/415,0.549425
BigCodeBench/549,BigCodeBench/629,0.54199207
BigCodeBench/549,BigCodeBench/411,0.53818107
BigCodeBench/305,BigCodeBench/898,0.7400102
BigCodeBench/305,BigCodeBench/896,0.73211676
BigCodeBench/305,BigCodeBench/858,0.72361064
BigCodeBench/305,BigCodeBench/1110,0.69312066
BigCodeBench/305,BigCodeBench/1,0.67660105
BigCodeBench/1122,BigCodeBench/176,0.54465795
BigCodeBench/1122,BigCodeBench/145,0.5357925
BigCodeBench/1122,BigCodeBench/284,0.52834696
BigCodeBench/1122,BigCodeBench/144,0.4990721
BigCodeBench/1122,BigCodeBench/397,0.49172074
BigCodeBench/1081,BigCodeBench/1079,0.5555365
BigCodeBench/1081,BigCodeBench/1083,0.5538138
BigCodeBench/1081,BigCodeBench/1001,0.5470384
BigCodeBench/1081,BigCodeBench/1025,0.52550375
BigCodeBench/1081,BigCodeBench/558,0.5009008
BigCodeBench/1089,BigCodeBench/297,0.564638
BigCodeBench/1089,BigCodeBench/361,0.53531957
BigCodeBench/1089,BigCodeBench/4,0.52568924
BigCodeBench/1089,BigCodeBench/299,0.52210057
BigCodeBench/1089,BigCodeBench/1082,0.5160369
BigCodeBench/967,BigCodeBench/970,0.44908834
BigCodeBench/967,BigCodeBench/386,0.43899465
BigCodeBench/967,BigCodeBench/448,0.42688608
BigCodeBench/967,BigCodeBench/476,0.42441344
BigCodeBench/967,BigCodeBench/119,0.4144659
BigCodeBench/627,BigCodeBench/640,0.7066497
BigCodeBench/627,BigCodeBench/84,0.697253
BigCodeBench/627,BigCodeBench/786,0.646376
BigCodeBench/627,BigCodeBench/232,0.6447075
BigCodeBench/627,BigCodeBench/88,0.6182001
BigCodeBench/1094,BigCodeBench/1095,0.60444653
BigCodeBench/1094,BigCodeBench/376,0.57815933
BigCodeBench/1094,BigCodeBench/957,0.57011354
BigCodeBench/1094,BigCodeBench/721,0.56113154
BigCodeBench/1094,BigCodeBench/766,0.553421
BigCodeBench/626,BigCodeBench/561,0.6901015
BigCodeBench/626,BigCodeBench/647,0.59976506
BigCodeBench/626,BigCodeBench/1076,0.5871482
BigCodeBench/626,BigCodeBench/650,0.49628294
BigCodeBench/626,BigCodeBench/48,0.48997617
BigCodeBench/403,BigCodeBench/423,0.70052254
BigCodeBench/403,BigCodeBench/406,0.5863496
BigCodeBench/403,BigCodeBench/180,0.4739316
BigCodeBench/403,BigCodeBench/1016,0.45754278
BigCodeBench/403,BigCodeBench/425,0.4039055
BigCodeBench/577,BigCodeBench/127,0.68858373
BigCodeBench/577,BigCodeBench/154,0.6162578
BigCodeBench/577,BigCodeBench/1127,0.57681406
BigCodeBench/577,BigCodeBench/585,0.5068592
BigCodeBench/577,BigCodeBench/130,0.5039286
BigCodeBench/600,BigCodeBench/599,0.8549597
BigCodeBench/600,BigCodeBench/601,0.74574983
BigCodeBench/600,BigCodeBench/721,0.6273643
BigCodeBench/600,BigCodeBench/1052,0.6168915
BigCodeBench/600,BigCodeBench/471,0.61153716
BigCodeBench/518,BigCodeBench/559,0.655301
BigCodeBench/518,BigCodeBench/603,0.5842639
BigCodeBench/518,BigCodeBench/149,0.5731946
BigCodeBench/518,BigCodeBench/599,0.5468192
BigCodeBench/518,BigCodeBench/1029,0.536527
BigCodeBench/438,BigCodeBench/437,0.52513045
BigCodeBench/438,BigCodeBench/423,0.5167713
BigCodeBench/438,BigCodeBench/731,0.49955708
BigCodeBench/438,BigCodeBench/463,0.47217518
BigCodeBench/438,BigCodeBench/180,0.46529913
BigCodeBench/432,BigCodeBench/427,0.5351957
BigCodeBench/432,BigCodeBench/428,0.5149193
BigCodeBench/432,BigCodeBench/639,0.4684502
BigCodeBench/432,BigCodeBench/884,0.466353
BigCodeBench/432,BigCodeBench/430,0.45803064
BigCodeBench/989,BigCodeBench/896,0.73265946
BigCodeBench/989,BigCodeBench/852,0.7198607
BigCodeBench/989,BigCodeBench/794,0.7018045
BigCodeBench/989,BigCodeBench/855,0.6938865
BigCodeBench/989,BigCodeBench/556,0.68213964
BigCodeBench/330,BigCodeBench/333,0.878556
BigCodeBench/330,BigCodeBench/331,0.5368464
BigCodeBench/330,BigCodeBench/2,0.44700414
BigCodeBench/330,BigCodeBench/122,0.43439388
BigCodeBench/330,BigCodeBench/572,0.43311393
BigCodeBench/389,BigCodeBench/756,0.5349469
BigCodeBench/389,BigCodeBench/380,0.5343095
BigCodeBench/389,BigCodeBench/712,0.51644737
BigCodeBench/389,BigCodeBench/759,0.5086293
BigCodeBench/389,BigCodeBench/965,0.4528572
BigCodeBench/1002,BigCodeBench/1060,0.67134094
BigCodeBench/1002,BigCodeBench/463,0.67044365
BigCodeBench/1002,BigCodeBench/1024,0.65873826
BigCodeBench/1002,BigCodeBench/1069,0.6405611
BigCodeBench/1002,BigCodeBench/411,0.62949276
BigCodeBench/1063,BigCodeBench/978,0.7641546
BigCodeBench/1063,BigCodeBench/304,0.7507972
BigCodeBench/1063,BigCodeBench/42,0.7399586
BigCodeBench/1063,BigCodeBench/447,0.7037353
BigCodeBench/1063,BigCodeBench/442,0.6915053
BigCodeBench/482,BigCodeBench/481,0.80465955
BigCodeBench/482,BigCodeBench/480,0.7679132
BigCodeBench/482,BigCodeBench/478,0.75548756
BigCodeBench/482,BigCodeBench/479,0.72968423
BigCodeBench/482,BigCodeBench/794,0.63932014
BigCodeBench/317,BigCodeBench/1100,0.62959933
BigCodeBench/317,BigCodeBench/319,0.60173416
BigCodeBench/317,BigCodeBench/179,0.57650936
BigCodeBench/317,BigCodeBench/838,0.49683166
BigCodeBench/317,BigCodeBench/918,0.4813969
BigCodeBench/3,BigCodeBench/2,0.8431752
BigCodeBench/3,BigCodeBench/5,0.7555778
BigCodeBench/3,BigCodeBench/900,0.7027855
BigCodeBench/3,BigCodeBench/10,0.69951487
BigCodeBench/3,BigCodeBench/894,0.6646285
BigCodeBench/1108,BigCodeBench/202,0.6848955
BigCodeBench/1108,BigCodeBench/390,0.5014507
BigCodeBench/1108,BigCodeBench/801,0.5008972
BigCodeBench/1108,BigCodeBench/669,0.48109105
BigCodeBench/1108,BigCodeBench/546,0.4729392
BigCodeBench/787,BigCodeBench/874,0.5949582
BigCodeBench/787,BigCodeBench/559,0.50412685
BigCodeBench/787,BigCodeBench/572,0.4755633
BigCodeBench/787,BigCodeBench/450,0.44194388
BigCodeBench/787,BigCodeBench/90,0.42127848
BigCodeBench/949,BigCodeBench/946,0.8353861
BigCodeBench/949,BigCodeBench/975,0.75255144
BigCodeBench/949,BigCodeBench/948,0.70069706
BigCodeBench/949,BigCodeBench/193,0.7001699
BigCodeBench/949,BigCodeBench/379,0.68398654
BigCodeBench/507,BigCodeBench/512,0.6483968
BigCodeBench/507,BigCodeBench/361,0.60470486
BigCodeBench/507,BigCodeBench/198,0.5990102
BigCodeBench/507,BigCodeBench/155,0.53755593
BigCodeBench/507,BigCodeBench/204,0.5219286
BigCodeBench/704,BigCodeBench/201,0.5024093
BigCodeBench/704,BigCodeBench/980,0.5021391
BigCodeBench/704,BigCodeBench/515,0.48114845
BigCodeBench/704,BigCodeBench/679,0.47806275
BigCodeBench/704,BigCodeBench/610,0.47238874
BigCodeBench/588,BigCodeBench/405,0.6823255
BigCodeBench/588,BigCodeBench/467,0.6617433
BigCodeBench/588,BigCodeBench/196,0.6448068
BigCodeBench/588,BigCodeBench/116,0.620492
BigCodeBench/588,BigCodeBench/1024,0.61539483
BigCodeBench/1096,BigCodeBench/1095,0.5839155
BigCodeBench/1096,BigCodeBench/847,0.5307553
BigCodeBench/1096,BigCodeBench/924,0.50062376
BigCodeBench/1096,BigCodeBench/927,0.48934308
BigCodeBench/1096,BigCodeBench/1052,0.48471242
BigCodeBench/1014,BigCodeBench/1007,0.6493405
BigCodeBench/1014,BigCodeBench/1000,0.54569966
BigCodeBench/1014,BigCodeBench/1083,0.5114963
BigCodeBench/1014,BigCodeBench/1024,0.5061262
BigCodeBench/1014,BigCodeBench/215,0.4959388
BigCodeBench/748,BigCodeBench/750,0.6815008
BigCodeBench/748,BigCodeBench/921,0.5923822
BigCodeBench/748,BigCodeBench/680,0.5841235
BigCodeBench/748,BigCodeBench/688,0.5789807
BigCodeBench/748,BigCodeBench/140,0.57760894
BigCodeBench/371,BigCodeBench/749,0.5102698
BigCodeBench/371,BigCodeBench/456,0.45954973
BigCodeBench/371,BigCodeBench/680,0.4577129
BigCodeBench/371,BigCodeBench/140,0.44711086
BigCodeBench/371,BigCodeBench/789,0.43213868
BigCodeBench/769,BigCodeBench/540,0.55891585
BigCodeBench/769,BigCodeBench/551,0.5158742
BigCodeBench/769,BigCodeBench/685,0.42034137
BigCodeBench/769,BigCodeBench/737,0.41352403
BigCodeBench/769,BigCodeBench/687,0.38110155
BigCodeBench/1134,BigCodeBench/127,0.7502177
BigCodeBench/1134,BigCodeBench/508,0.52614784
BigCodeBench/1134,BigCodeBench/1127,0.52323896
BigCodeBench/1134,BigCodeBench/1130,0.49268895
BigCodeBench/1134,BigCodeBench/962,0.4843648
BigCodeBench/281,BigCodeBench/145,0.69753706
BigCodeBench/281,BigCodeBench/146,0.5844441
BigCodeBench/281,BigCodeBench/144,0.5475699
BigCodeBench/281,BigCodeBench/176,0.5232791
BigCodeBench/281,BigCodeBench/6,0.4417376
BigCodeBench/277,BigCodeBench/444,0.605538
BigCodeBench/277,BigCodeBench/608,0.54703426
BigCodeBench/277,BigCodeBench/831,0.53303766
BigCodeBench/277,BigCodeBench/405,0.51426005
BigCodeBench/277,BigCodeBench/450,0.5057841
BigCodeBench/1036,BigCodeBench/345,0.5141969
BigCodeBench/1036,BigCodeBench/1034,0.503277
BigCodeBench/1036,BigCodeBench/359,0.5019628
BigCodeBench/1036,BigCodeBench/555,0.4940731
BigCodeBench/1036,BigCodeBench/197,0.46936297
BigCodeBench/223,BigCodeBench/153,0.7243088
BigCodeBench/223,BigCodeBench/680,0.5986339
BigCodeBench/223,BigCodeBench/218,0.5977347
BigCodeBench/223,BigCodeBench/1007,0.57496184
BigCodeBench/223,BigCodeBench/140,0.57439756
BigCodeBench/436,BigCodeBench/138,0.7191969
BigCodeBench/436,BigCodeBench/31,0.67725575
BigCodeBench/436,BigCodeBench/210,0.6668813
BigCodeBench/436,BigCodeBench/376,0.66506046
BigCodeBench/436,BigCodeBench/937,0.6385879
BigCodeBench/229,BigCodeBench/489,0.6959089
BigCodeBench/229,BigCodeBench/113,0.60985196
BigCodeBench/229,BigCodeBench/743,0.5932646
BigCodeBench/229,BigCodeBench/1090,0.5669382
BigCodeBench/229,BigCodeBench/1128,0.52901536
BigCodeBench/912,BigCodeBench/1110,0.7327961
BigCodeBench/912,BigCodeBench/910,0.7003983
BigCodeBench/912,BigCodeBench/1033,0.6976131
BigCodeBench/912,BigCodeBench/898,0.6842596
BigCodeBench/912,BigCodeBench/937,0.667196
BigCodeBench/1093,BigCodeBench/1091,0.55574906
BigCodeBench/1093,BigCodeBench/764,0.5069911
BigCodeBench/1093,BigCodeBench/60,0.4978642
BigCodeBench/1093,BigCodeBench/53,0.48470157
BigCodeBench/1093,BigCodeBench/829,0.46858418
BigCodeBench/818,BigCodeBench/959,0.6182052
BigCodeBench/818,BigCodeBench/933,0.5932623
BigCodeBench/818,BigCodeBench/956,0.5857804
BigCodeBench/818,BigCodeBench/841,0.567821
BigCodeBench/818,BigCodeBench/1,0.56742454
BigCodeBench/385,BigCodeBench/864,0.6302048
BigCodeBench/385,BigCodeBench/1111,0.617252
BigCodeBench/385,BigCodeBench/1110,0.60369116
BigCodeBench/385,BigCodeBench/540,0.5627791
BigCodeBench/385,BigCodeBench/910,0.54224265
BigCodeBench/622,BigCodeBench/204,0.67729604
BigCodeBench/622,BigCodeBench/621,0.66524714
BigCodeBench/622,BigCodeBench/366,0.6512286
BigCodeBench/622,BigCodeBench/982,0.6460147
BigCodeBench/622,BigCodeBench/457,0.63544774
BigCodeBench/344,BigCodeBench/779,0.59070945
BigCodeBench/344,BigCodeBench/322,0.5887415
BigCodeBench/344,BigCodeBench/16,0.5216276
BigCodeBench/344,BigCodeBench/798,0.5092341
BigCodeBench/344,BigCodeBench/828,0.3858496
BigCodeBench/866,BigCodeBench/809,0.7958375
BigCodeBench/866,BigCodeBench/880,0.7786281
BigCodeBench/866,BigCodeBench/623,0.6675643
BigCodeBench/866,BigCodeBench/472,0.66742706
BigCodeBench/866,BigCodeBench/589,0.6354114
BigCodeBench/222,BigCodeBench/970,0.5628532
BigCodeBench/222,BigCodeBench/512,0.50828844
BigCodeBench/222,BigCodeBench/198,0.49791375
BigCodeBench/222,BigCodeBench/0,0.4752277
BigCodeBench/222,BigCodeBench/827,0.4746625
BigCodeBench/270,BigCodeBench/332,0.7237406
BigCodeBench/270,BigCodeBench/957,0.7048142
BigCodeBench/270,BigCodeBench/824,0.70037746
BigCodeBench/270,BigCodeBench/52,0.7002256
BigCodeBench/270,BigCodeBench/55,0.69600356
BigCodeBench/602,BigCodeBench/1029,0.61444974
BigCodeBench/602,BigCodeBench/852,0.608467
BigCodeBench/602,BigCodeBench/946,0.5607474
BigCodeBench/602,BigCodeBench/1,0.5466188
BigCodeBench/602,BigCodeBench/839,0.54139054
BigCodeBench/843,BigCodeBench/820,0.7315601
BigCodeBench/843,BigCodeBench/852,0.7248362
BigCodeBench/843,BigCodeBench/896,0.6902324
BigCodeBench/843,BigCodeBench/479,0.67543924
BigCodeBench/843,BigCodeBench/794,0.6605483
BigCodeBench/47,BigCodeBench/920,0.76905924
BigCodeBench/47,BigCodeBench/57,0.7221785
BigCodeBench/47,BigCodeBench/515,0.6506823
BigCodeBench/47,BigCodeBench/44,0.62774575
BigCodeBench/47,BigCodeBench/980,0.6273811
BigCodeBench/814,BigCodeBench/336,0.4685192
BigCodeBench/814,BigCodeBench/325,0.41203272
BigCodeBench/814,BigCodeBench/907,0.3815252
BigCodeBench/814,BigCodeBench/796,0.36616486
BigCodeBench/814,BigCodeBench/853,0.34850794
BigCodeBench/56,BigCodeBench/815,0.60347974
BigCodeBench/56,BigCodeBench/886,0.5723837
BigCodeBench/56,BigCodeBench/522,0.500084
BigCodeBench/56,BigCodeBench/829,0.49640054
BigCodeBench/56,BigCodeBench/521,0.49368566
BigCodeBench/700,BigCodeBench/57,0.70816934
BigCodeBench/700,BigCodeBench/980,0.69792205
BigCodeBench/700,BigCodeBench/105,0.6339791
BigCodeBench/700,BigCodeBench/359,0.6129325
BigCodeBench/700,BigCodeBench/920,0.6084086
BigCodeBench/255,BigCodeBench/257,0.72723013
BigCodeBench/255,BigCodeBench/261,0.6963359
BigCodeBench/255,BigCodeBench/259,0.6804928
BigCodeBench/255,BigCodeBench/142,0.6098106
BigCodeBench/255,BigCodeBench/253,0.5674613
BigCodeBench/372,BigCodeBench/1095,0.39206868
BigCodeBench/372,BigCodeBench/768,0.3833733
BigCodeBench/372,BigCodeBench/1097,0.3783117
BigCodeBench/372,BigCodeBench/853,0.3648756
BigCodeBench/372,BigCodeBench/755,0.35223344
BigCodeBench/230,BigCodeBench/1024,0.47989887
BigCodeBench/230,BigCodeBench/829,0.4731109
BigCodeBench/230,BigCodeBench/839,0.4657929
BigCodeBench/230,BigCodeBench/784,0.4626528
BigCodeBench/230,BigCodeBench/1069,0.4499589
BigCodeBench/911,BigCodeBench/797,0.53433585
BigCodeBench/911,BigCodeBench/453,0.5108483
BigCodeBench/911,BigCodeBench/860,0.49991357
BigCodeBench/911,BigCodeBench/862,0.49918804
BigCodeBench/911,BigCodeBench/933,0.48679614
BigCodeBench/1009,BigCodeBench/490,0.71195567
BigCodeBench/1009,BigCodeBench/1118,0.5513708
BigCodeBench/1009,BigCodeBench/206,0.5434532
BigCodeBench/1009,BigCodeBench/498,0.51263475
BigCodeBench/1009,BigCodeBench/709,0.4528014
